[
  {
    "id": "0468d256-1867-4ae9-ab45-55d85594f37c",
    "data": [
      {
        "text": "I\u0027ll be back in a few minutes",
        "userDefined": false
      }
    ],
    "isTemplate": false,
    "count": 0,
    "lang": "en",
    "updated": 0
  },
  {
    "id": "2c519a2a-98ab-4777-800c-a14410f34eb8",
    "data": [
      {
        "text": "be back ",
        "userDefined": false
      },
      {
        "text": "in",
        "meta": "@sys.ignore",
        "userDefined": false
      },
      {
        "text": " ",
        "userDefined": false
      },
      {
        "text": "5",
        "meta": "@sys.ignore",
        "userDefined": false
      },
      {
        "text": " minutes",
        "userDefined": false
      }
    ],
    "isTemplate": false,
    "count": 0,
    "lang": "en",
    "updated": 0
  },
  {
    "id": "13c62ebb-75ab-4b79-a628-c14dcf030c8f",
    "data": [
      {
        "text": "I\u0027ll get back to you ",
        "userDefined": false
      },
      {
        "text": "in",
        "meta": "@sys.ignore",
        "userDefined": false
      },
      {
        "text": " a moment",
        "userDefined": false
      }
    ],
    "isTemplate": false,
    "count": 0,
    "lang": "en",
    "updated": 0
  },
  {
    "id": "d7d04e48-8e6d-4e05-ba13-8c57d3eb96a2",
    "data": [
      {
        "text": "I\u0027ll be back",
        "userDefined": false
      }
    ],
    "isTemplate": false,
    "count": 0,
    "lang": "en",
    "updated": 0
  },
  {
    "id": "59ff047c-574e-4a74-bafc-c58051cbc7c4",
    "data": [
      {
        "text": "I promise to ",
        "userDefined": false
      },
      {
        "text": "come",
        "meta": "@sys.ignore",
        "userDefined": false
      },
      {
        "text": " back",
        "userDefined": false
      }
    ],
    "isTemplate": false,
    "count": 0,
    "lang": "en",
    "updated": 0
  }
]