[
  {
    "id": "aa927b1d-19dd-4bf0-911f-785ee63e1833",
    "data": [
      {
        "text": "ok sorry",
        "userDefined": false
      }
    ],
    "isTemplate": false,
    "count": 0,
    "lang": "en",
    "updated": 0
  },
  {
    "id": "a8543f2f-b2da-4c0c-9746-55f1655b98f5",
    "data": [
      {
        "text": "sorry",
        "userDefined": false
      }
    ],
    "isTemplate": false,
    "count": 0,
    "lang": "en",
    "updated": 0
  },
  {
    "id": "40bdd21d-e398-425c-9b04-83f281871857",
    "data": [
      {
        "text": "sorry about that",
        "userDefined": false
      }
    ],
    "isTemplate": false,
    "count": 0,
    "lang": "en",
    "updated": 0
  },
  {
    "id": "23908015-baf8-443f-83c2-72717774b9bf",
    "data": [
      {
        "text": "apologise",
        "userDefined": false
      }
    ],
    "isTemplate": false,
    "count": 0,
    "lang": "en",
    "updated": 0
  },
  {
    "id": "f2f8bfed-73f2-4987-83de-3133fd632ca1",
    "data": [
      {
        "text": "apologies to me",
        "userDefined": false
      }
    ],
    "isTemplate": false,
    "count": 0,
    "lang": "en",
    "updated": 0
  },
  {
    "id": "dbc1d67a-b6ae-4072-b431-76b3b1822760",
    "data": [
      {
        "text": "I apologize",
        "userDefined": false
      }
    ],
    "isTemplate": false,
    "count": 0,
    "lang": "en",
    "updated": 0
  },
  {
    "id": "1c02504b-318f-4809-bf71-ed8e99cfdd6a",
    "data": [
      {
        "text": "sorry about this",
        "userDefined": false
      }
    ],
    "isTemplate": false,
    "count": 0,
    "lang": "en",
    "updated": 0
  },
  {
    "id": "941949f7-0dde-4318-b41d-c8868bbd648f",
    "data": [
      {
        "text": "apology",
        "userDefined": false
      }
    ],
    "isTemplate": false,
    "count": 0,
    "lang": "en",
    "updated": 0
  },
  {
    "id": "e1a1e606-1e40-47bb-996b-7abf9ed3b513",
    "data": [
      {
        "text": "excuse",
        "userDefined": false
      }
    ],
    "isTemplate": false,
    "count": 1,
    "lang": "en",
    "updated": 0
  },
  {
    "id": "e11c461f-5936-4d0a-8799-67deb3b9237e",
    "data": [
      {
        "text": "okay I\u0027m sorry",
        "userDefined": false
      }
    ],
    "isTemplate": false,
    "count": 0,
    "lang": "en",
    "updated": 0
  },
  {
    "id": "080e67c9-4fc8-42d0-90f0-e4c9c385377b",
    "data": [
      {
        "text": "really sorry",
        "userDefined": false
      }
    ],
    "isTemplate": false,
    "count": 0,
    "lang": "en",
    "updated": 0
  },
  {
    "id": "01506b35-0afb-416a-87dd-d86f8b597a13",
    "data": [
      {
        "text": "apologies",
        "userDefined": false
      }
    ],
    "isTemplate": false,
    "count": 0,
    "lang": "en",
    "updated": 0
  },
  {
    "id": "2390a761-7cfa-47d4-9a09-c1f2ea250af1",
    "data": [
      {
        "text": "I am really sorry",
        "userDefined": false
      }
    ],
    "isTemplate": false,
    "count": 0,
    "lang": "en",
    "updated": 0
  },
  {
    "id": "4f2ce5f4-b17d-4a5e-b9b7-c5f34b479860",
    "data": [
      {
        "text": "I want to say sorry",
        "userDefined": false
      }
    ],
    "isTemplate": false,
    "count": 0,
    "lang": "en",
    "updated": 0
  },
  {
    "id": "42046b9d-09d2-48ee-8a84-98d1928fae17",
    "data": [
      {
        "text": "alright I\u0027m sorry",
        "userDefined": false
      }
    ],
    "isTemplate": false,
    "count": 1,
    "lang": "en",
    "updated": 0
  },
  {
    "id": "bb4fb375-b6a1-4170-aa6c-ad57c6e0dc4e",
    "data": [
      {
        "text": "I am so sorry",
        "userDefined": false
      }
    ],
    "isTemplate": false,
    "count": 0,
    "lang": "en",
    "updated": 0
  },
  {
    "id": "e4c3b8d9-e41b-4530-beae-cbf6443491bd",
    "data": [
      {
        "text": "I said sorry",
        "userDefined": false
      }
    ],
    "isTemplate": false,
    "count": 0,
    "lang": "en",
    "updated": 0
  },
  {
    "id": "ea78e5a2-aa69-4cbf-a53c-73d6849273c0",
    "data": [
      {
        "text": "I beg ",
        "userDefined": false
      },
      {
        "text": "your",
        "meta": "@sys.ignore",
        "userDefined": false
      },
      {
        "text": " pardon",
        "userDefined": false
      }
    ],
    "isTemplate": false,
    "count": 0,
    "lang": "en",
    "updated": 0
  },
  {
    "id": "a699def8-b7f6-433d-80f2-d359b3e7b723",
    "data": [
      {
        "text": "my apologies",
        "userDefined": false
      }
    ],
    "isTemplate": false,
    "count": 0,
    "lang": "en",
    "updated": 0
  },
  {
    "id": "01480853-3452-437b-b479-49fc3e796eb4",
    "data": [
      {
        "text": "excuse me",
        "userDefined": false
      }
    ],
    "isTemplate": false,
    "count": 1,
    "lang": "en",
    "updated": 0
  },
  {
    "id": "8f457d18-89cd-419a-a059-0a7544782aad",
    "data": [
      {
        "text": "I\u0027m sorry",
        "userDefined": false
      }
    ],
    "isTemplate": false,
    "count": 0,
    "lang": "en",
    "updated": 0
  },
  {
    "id": "35c87e25-e261-479d-bc21-4ac4b0704be4",
    "data": [
      {
        "text": "forgive me",
        "userDefined": false
      }
    ],
    "isTemplate": false,
    "count": 0,
    "lang": "en",
    "updated": 0
  },
  {
    "id": "688628a4-0b33-43b0-89a3-bc2cfaedeed3",
    "data": [
      {
        "text": "pardon",
        "userDefined": false
      }
    ],
    "isTemplate": false,
    "count": 0,
    "lang": "en",
    "updated": 0
  },
  {
    "id": "300ffc67-a30d-4879-8abf-bb1bb0d06d68",
    "data": [
      {
        "text": "very sorry",
        "userDefined": false
      }
    ],
    "isTemplate": false,
    "count": 0,
    "lang": "en",
    "updated": 0
  }
]