[
  {
    "id": "1c4ad15c-850d-4717-8487-04b0407bf639",
    "data": [
      {
        "text": "hug you",
        "userDefined": false
      }
    ],
    "isTemplate": false,
    "count": 0,
    "lang": "en",
    "updated": 0
  },
  {
    "id": "79720aef-6180-4483-8023-e68df2d8bdb0",
    "data": [
      {
        "text": "do you want a hug",
        "userDefined": false
      }
    ],
    "isTemplate": false,
    "count": 0,
    "lang": "en",
    "updated": 0
  },
  {
    "id": "e8b0497a-9f87-4897-b246-70e1b9d1dd89",
    "data": [
      {
        "text": "hug",
        "userDefined": false
      }
    ],
    "isTemplate": false,
    "count": 0,
    "lang": "en",
    "updated": 0
  },
  {
    "id": "27d936b4-21b9-4917-8c05-88277b909d46",
    "data": [
      {
        "text": "may I hug you",
        "userDefined": false
      }
    ],
    "isTemplate": false,
    "count": 1,
    "lang": "en",
    "updated": 0
  },
  {
    "id": "9035773f-e3fd-4c9e-a8f1-41eb2295e3bf",
    "data": [
      {
        "text": "could you give ",
        "userDefined": false
      },
      {
        "text": "me",
        "meta": "@sys.ignore",
        "userDefined": false
      },
      {
        "text": " a hug",
        "userDefined": false
      }
    ],
    "isTemplate": false,
    "count": 0,
    "lang": "en",
    "updated": 0
  },
  {
    "id": "0e9327ce-d805-452f-a1af-1bd42ec6c092",
    "data": [
      {
        "text": "you hugged",
        "userDefined": false
      }
    ],
    "isTemplate": false,
    "count": 0,
    "lang": "en",
    "updated": 0
  },
  {
    "id": "537a88ef-7584-4deb-9ca2-c982902de46a",
    "data": [
      {
        "text": "hugged",
        "userDefined": false
      }
    ],
    "isTemplate": false,
    "count": 1,
    "lang": "en",
    "updated": 0
  },
  {
    "id": "76c6eb7d-a733-424f-a969-25d3069cde61",
    "data": [
      {
        "text": "wanna hug",
        "userDefined": false
      }
    ],
    "isTemplate": false,
    "count": 1,
    "lang": "en",
    "updated": 0
  },
  {
    "id": "948317f6-ffca-40f0-8f12-7567f9a862c2",
    "data": [
      {
        "text": "hug me",
        "userDefined": false
      }
    ],
    "isTemplate": false,
    "count": 1,
    "lang": "en",
    "updated": 0
  },
  {
    "id": "2d38af72-bbe5-4320-92fb-87f428b95209",
    "data": [
      {
        "text": "hugging",
        "userDefined": false
      }
    ],
    "isTemplate": false,
    "count": 0,
    "lang": "en",
    "updated": 0
  },
  {
    "id": "1e8cb060-b61f-488c-be99-2e6351ab9124",
    "data": [
      {
        "text": "a hug",
        "userDefined": false
      }
    ],
    "isTemplate": false,
    "count": 0,
    "lang": "en",
    "updated": 0
  },
  {
    "id": "73f9d39e-27a1-4736-83f1-8d38bd3c46a7",
    "data": [
      {
        "text": "want a hug",
        "userDefined": false
      }
    ],
    "isTemplate": false,
    "count": 1,
    "lang": "en",
    "updated": 0
  },
  {
    "id": "ca713580-d7dd-47d1-90af-80713da6923e",
    "data": [
      {
        "text": "hugging me",
        "userDefined": false
      }
    ],
    "isTemplate": false,
    "count": 0,
    "lang": "en",
    "updated": 0
  },
  {
    "id": "0da0fe62-259b-4bce-852b-afcc37a7d0bb",
    "data": [
      {
        "text": "I want a hug",
        "userDefined": false
      }
    ],
    "isTemplate": false,
    "count": 0,
    "lang": "en",
    "updated": 0
  },
  {
    "id": "44fd9ead-647a-4648-9f50-b49514a60c91",
    "data": [
      {
        "text": "hugged me",
        "userDefined": false
      }
    ],
    "isTemplate": false,
    "count": 1,
    "lang": "en",
    "updated": 0
  }
]