[
  {
    "id": "c8a3573a-72c4-475c-b12a-abd6386f4c15",
    "data": [
      {
        "text": "guide ",
        "userDefined": false
      },
      {
        "text": "me",
        "meta": "@sys.ignore",
        "userDefined": false
      }
    ],
    "isTemplate": false,
    "count": 0,
    "lang": "en",
    "updated": 0
  },
  {
    "id": "3baed186-3697-4182-bb73-a1e6d66cb3e8",
    "data": [
      {
        "text": "give me a wise advice",
        "userDefined": false
      }
    ],
    "isTemplate": false,
    "count": 0,
    "lang": "en",
    "updated": 0
  },
  {
    "id": "e21dd4e6-08b5-45db-a3d2-e58e6d05ffbd",
    "data": [
      {
        "text": "what do you suggest",
        "userDefined": false
      }
    ],
    "isTemplate": false,
    "count": 1,
    "lang": "en",
    "updated": 0
  },
  {
    "id": "83ac3fa8-b999-4716-b0cb-77b95a512953",
    "data": [
      {
        "text": "I need advice",
        "userDefined": false
      }
    ],
    "isTemplate": false,
    "count": 0,
    "lang": "en",
    "updated": 0
  },
  {
    "id": "5decdeb2-7b3b-4f87-81af-6346c8edfb9e",
    "data": [
      {
        "text": "I could use some advice",
        "userDefined": false
      }
    ],
    "isTemplate": false,
    "count": 0,
    "lang": "en",
    "updated": 0
  },
  {
    "id": "25676d04-7603-430c-99cd-bcd5664f0c29",
    "data": [
      {
        "text": "can you advise me",
        "userDefined": false
      }
    ],
    "isTemplate": false,
    "count": 0,
    "lang": "en",
    "updated": 0
  },
  {
    "id": "30968d24-eca3-4a90-9dff-db78f3c9202d",
    "data": [
      {
        "text": "advise me",
        "userDefined": false
      }
    ],
    "isTemplate": false,
    "count": 0,
    "lang": "en",
    "updated": 0
  },
  {
    "id": "41c60ff2-23c4-4132-a695-d84022b95537",
    "data": [
      {
        "text": "give me some good advice",
        "userDefined": false
      }
    ],
    "isTemplate": false,
    "count": 1,
    "lang": "en",
    "updated": 0
  },
  {
    "id": "c9f2d95f-ee82-419d-9731-7047e97b5c19",
    "data": [
      {
        "text": "do you have any advice for me",
        "userDefined": false
      }
    ],
    "isTemplate": false,
    "count": 0,
    "lang": "en",
    "updated": 0
  },
  {
    "id": "7722034c-cba3-476a-a6fe-d9f8c19dbfdb",
    "data": [
      {
        "text": "what should I do about it",
        "userDefined": false
      }
    ],
    "isTemplate": false,
    "count": 1,
    "lang": "en",
    "updated": 0
  },
  {
    "id": "fd9787ed-156b-417d-a7ea-a65d7c318c9d",
    "data": [
      {
        "text": "I seek your advice",
        "userDefined": false
      }
    ],
    "isTemplate": false,
    "count": 0,
    "lang": "en",
    "updated": 0
  },
  {
    "id": "489e589d-3303-41c6-b319-f8616c6d6fa6",
    "data": [
      {
        "text": "what do you recommend",
        "userDefined": false
      }
    ],
    "isTemplate": false,
    "count": 0,
    "lang": "en",
    "updated": 0
  },
  {
    "id": "fb90c41a-069f-4a89-a1fa-0eb4f9b38519",
    "data": [
      {
        "text": "help me with advice",
        "userDefined": false
      }
    ],
    "isTemplate": false,
    "count": 0,
    "lang": "en",
    "updated": 0
  },
  {
    "id": "e54759be-cace-4a44-a61b-d8f70f56e81c",
    "data": [
      {
        "text": "what can you recommend",
        "userDefined": false
      }
    ],
    "isTemplate": false,
    "count": 1,
    "lang": "en",
    "updated": 0
  },
  {
    "id": "8d4dfb18-d6e6-44d2-b74e-3957c9b20d47",
    "data": [
      {
        "text": "can I ask for your advice",
        "userDefined": false
      }
    ],
    "isTemplate": false,
    "count": 0,
    "lang": "en",
    "updated": 0
  },
  {
    "id": "406a8d0c-2725-47cc-b83e-1c56abd3990c",
    "data": [
      {
        "text": "any",
        "meta": "@sys.ignore",
        "userDefined": false
      },
      {
        "text": " advice",
        "userDefined": false
      }
    ],
    "isTemplate": false,
    "count": 0,
    "lang": "en",
    "updated": 0
  },
  {
    "id": "16f68898-9c40-44d9-9f5f-34ac10c15299",
    "data": [
      {
        "text": "any suggestions",
        "userDefined": false
      }
    ],
    "isTemplate": false,
    "count": 0,
    "lang": "en",
    "updated": 0
  },
  {
    "id": "1df70a17-c11e-4ce5-9d3e-4944d5cb7dc5",
    "data": [
      {
        "text": "I need an advice from you",
        "userDefined": false
      }
    ],
    "isTemplate": false,
    "count": 0,
    "lang": "en",
    "updated": 0
  },
  {
    "id": "4ebb188e-a523-481d-9662-8c0e54c0ba53",
    "data": [
      {
        "text": "what is your advice",
        "userDefined": false
      }
    ],
    "isTemplate": false,
    "count": 1,
    "lang": "en",
    "updated": 0
  },
  {
    "id": "0ef5e031-8292-4ea0-a833-e2da26b1b2d2",
    "data": [
      {
        "text": "can you offer any advice",
        "userDefined": false
      }
    ],
    "isTemplate": false,
    "count": 0,
    "lang": "en",
    "updated": 0
  },
  {
    "id": "0ac1767e-582e-4a04-b9c0-4aacc63f0077",
    "data": [
      {
        "text": "can you give me advice",
        "userDefined": false
      }
    ],
    "isTemplate": false,
    "count": 0,
    "lang": "en",
    "updated": 0
  },
  {
    "id": "59a42295-9c01-422c-90ec-521ac551cfd8",
    "data": [
      {
        "text": "give me some advice about",
        "userDefined": false
      }
    ],
    "isTemplate": false,
    "count": 0,
    "lang": "en",
    "updated": 0
  },
  {
    "id": "c6528d6f-2e78-4ab3-affa-85b00d015692",
    "data": [
      {
        "text": "what should I do",
        "userDefined": false
      }
    ],
    "isTemplate": false,
    "count": 1,
    "lang": "en",
    "updated": 0
  }
]