[
  {
    "id": "d06c8228-70c3-4358-bfb2-106a73b24863",
    "data": [
      {
        "text": "I\u0027m sleeping",
        "userDefined": false
      }
    ],
    "isTemplate": false,
    "count": 0,
    "lang": "en",
    "updated": 0
  },
  {
    "id": "9d1f37a6-4642-449a-9a98-5c0500691ef5",
    "data": [
      {
        "text": "I\u0027m falling asleep",
        "userDefined": false
      }
    ],
    "isTemplate": false,
    "count": 0,
    "lang": "en",
    "updated": 0
  },
  {
    "id": "166956ab-a0dd-4a2d-a7d1-ddb148501ff4",
    "data": [
      {
        "text": "I\u0027m ",
        "userDefined": false
      },
      {
        "text": "falling",
        "meta": "@sys.ignore",
        "userDefined": false
      },
      {
        "text": " asleep on my feet",
        "userDefined": false
      }
    ],
    "isTemplate": false,
    "count": 0,
    "lang": "en",
    "updated": 0
  },
  {
    "id": "09a17a8d-f8b4-4d23-91de-3eb86d62c5ff",
    "data": [
      {
        "text": "I am sleepy",
        "userDefined": false
      }
    ],
    "isTemplate": false,
    "count": 0,
    "lang": "en",
    "updated": 0
  },
  {
    "id": "13936a26-932d-4eb3-8cc7-ae03722ea078",
    "data": [
      {
        "text": "I want to ",
        "userDefined": false
      },
      {
        "text": "sleep",
        "meta": "@sys.ignore",
        "userDefined": false
      }
    ],
    "isTemplate": false,
    "count": 0,
    "lang": "en",
    "updated": 0
  }
]