[
  {
    "id": "6995f83c-7131-4961-bedd-18132cc0ed1c",
    "data": [
      {
        "text": "sure",
        "meta": "@sys.ignore",
        "userDefined": false
      },
      {
        "text": " no problem",
        "userDefined": false
      }
    ],
    "isTemplate": false,
    "count": 0,
    "lang": "en",
    "updated": 0
  },
  {
    "id": "ed0b406b-e217-40be-bf47-1ef311358b4e",
    "data": [
      {
        "text": "don\u0027t",
        "meta": "@sys.ignore",
        "userDefined": false
      },
      {
        "text": " worry there\u0027s no problem",
        "userDefined": false
      }
    ],
    "isTemplate": false,
    "count": 0,
    "lang": "en",
    "updated": 0
  },
  {
    "id": "490aafc2-b0ed-4042-9333-654c05beea50",
    "data": [
      {
        "text": "there\u0027s no problem",
        "userDefined": false
      }
    ],
    "isTemplate": false,
    "count": 0,
    "lang": "en",
    "updated": 0
  },
  {
    "id": "755010cb-9256-4474-8d65-5046c908ff1f",
    "data": [
      {
        "text": "don",
        "meta": "@sys.ignore",
        "userDefined": false
      },
      {
        "text": "\u0027t worry",
        "userDefined": false
      }
    ],
    "isTemplate": false,
    "count": 0,
    "lang": "en",
    "updated": 0
  },
  {
    "id": "7f1cf3f0-0110-4bd3-b740-cbf513c06070",
    "data": [
      {
        "text": "no problem about that",
        "userDefined": false
      }
    ],
    "isTemplate": false,
    "count": 0,
    "lang": "en",
    "updated": 0
  },
  {
    "id": "da33c4cc-c00a-4df1-9da7-1f9c57719cc2",
    "data": [
      {
        "text": "no problem",
        "userDefined": false
      }
    ],
    "isTemplate": false,
    "count": 0,
    "lang": "en",
    "updated": 0
  },
  {
    "id": "3cfff3a7-18e2-4551-a535-900f0a656d6e",
    "data": [
      {
        "text": "no probs",
        "userDefined": false
      }
    ],
    "isTemplate": false,
    "count": 0,
    "lang": "en",
    "updated": 0
  },
  {
    "id": "78ca4a43-01ee-4600-8ef2-7e28004267ce",
    "data": [
      {
        "text": "no worries",
        "userDefined": false
      }
    ],
    "isTemplate": false,
    "count": 0,
    "lang": "en",
    "updated": 0
  }
]