[
  {
    "id": "b2daf0be-945c-45d6-8097-1b4bfa8a721a",
    "data": [
      {
        "text": "I grow weary",
        "userDefined": false
      }
    ],
    "isTemplate": false,
    "count": 0,
    "lang": "en",
    "updated": 0
  },
  {
    "id": "dce608e0-24ed-499a-b516-27accdbbbb0b",
    "data": [
      {
        "text": "I\u0027m exhausted",
        "userDefined": false
      }
    ],
    "isTemplate": false,
    "count": 0,
    "lang": "en",
    "updated": 0
  },
  {
    "id": "ad07b6a2-14d1-4d69-8c83-b3ed3b00c1fe",
    "data": [
      {
        "text": "I\u0027m worn out",
        "userDefined": false
      }
    ],
    "isTemplate": false,
    "count": 0,
    "lang": "en",
    "updated": 0
  },
  {
    "id": "4dca8081-2328-4bcb-aa0c-8be8cf17070f",
    "data": [
      {
        "text": "I am tired",
        "userDefined": false
      }
    ],
    "isTemplate": false,
    "count": 0,
    "lang": "en",
    "updated": 0
  },
  {
    "id": "8ded0735-5679-4566-84d0-76d90b4c29f9",
    "data": [
      {
        "text": "I ",
        "userDefined": false
      },
      {
        "text": "feel",
        "meta": "@sys.ignore",
        "userDefined": false
      },
      {
        "text": " tired",
        "userDefined": false
      }
    ],
    "isTemplate": false,
    "count": 0,
    "lang": "en",
    "updated": 0
  },
  {
    "id": "686b350c-2657-4c45-bcd2-3c79ad7476b0",
    "data": [
      {
        "text": "I\u0027m getting tired",
        "userDefined": false
      }
    ],
    "isTemplate": false,
    "count": 0,
    "lang": "en",
    "updated": 0
  },
  {
    "id": "8bd2dbb3-25c0-4942-b78e-e7451f20e1f6",
    "data": [
      {
        "text": "I\u0027ve overworked",
        "userDefined": false
      }
    ],
    "isTemplate": false,
    "count": 0,
    "lang": "en",
    "updated": 0
  },
  {
    "id": "8294abb0-5233-458d-8add-2417c923f280",
    "data": [
      {
        "text": "I\u0027m drained",
        "userDefined": false
      }
    ],
    "isTemplate": false,
    "count": 0,
    "lang": "en",
    "updated": 0
  }
]