[
  {
    "id": "f67fbe0d-8e07-4250-8d98-dc699cce80b9",
    "data": [
      {
        "text": "happy",
        "meta": "@sys.ignore",
        "userDefined": false
      }
    ],
    "isTemplate": false,
    "count": 0,
    "lang": "en",
    "updated": 0
  },
  {
    "id": "785f0dc4-c050-4631-ba28-18ac1a4b17b9",
    "data": [
      {
        "text": "if you\u0027re ",
        "userDefined": false
      },
      {
        "text": "happy",
        "meta": "@sys.ignore",
        "userDefined": false
      },
      {
        "text": " then I\u0027m ",
        "userDefined": false
      },
      {
        "text": "happy",
        "meta": "@sys.ignore",
        "userDefined": false
      }
    ],
    "isTemplate": false,
    "count": 0,
    "lang": "en",
    "updated": 0
  },
  {
    "id": "313dc80e-e1a1-44f4-addc-307990f8497e",
    "data": [
      {
        "text": "I\u0027m happy to see you",
        "userDefined": false
      }
    ],
    "isTemplate": false,
    "count": 0,
    "lang": "en",
    "updated": 0
  },
  {
    "id": "e68da0ac-e7e2-40be-b68f-39c83f9e0b37",
    "data": [
      {
        "text": "I\u0027m happy to help",
        "userDefined": false
      }
    ],
    "isTemplate": false,
    "count": 0,
    "lang": "en",
    "updated": 0
  },
  {
    "id": "94955481-e5bd-43aa-8659-25ffdb62728c",
    "data": [
      {
        "text": "I am ",
        "userDefined": false
      },
      {
        "text": "happy",
        "meta": "@sys.ignore",
        "userDefined": false
      }
    ],
    "isTemplate": false,
    "count": 0,
    "lang": "en",
    "updated": 0
  },
  {
    "id": "d30b5cf1-c058-4c3e-97eb-bcb65301bf2a",
    "data": [
      {
        "text": "I\u0027m ",
        "userDefined": false
      },
      {
        "text": "happy",
        "meta": "@sys.ignore",
        "userDefined": false
      },
      {
        "text": " to see you",
        "userDefined": false
      }
    ],
    "isTemplate": false,
    "count": 0,
    "lang": "en",
    "updated": 0
  },
  {
    "id": "bbf25d34-7343-4e5d-8c45-b9d9f2a709c4",
    "data": [
      {
        "text": "I\u0027m ",
        "userDefined": false
      },
      {
        "text": "happy",
        "meta": "@sys.ignore",
        "userDefined": false
      },
      {
        "text": " for you",
        "userDefined": false
      }
    ],
    "isTemplate": false,
    "count": 0,
    "lang": "en",
    "updated": 0
  }
]