[
  {
    "id": "2a6d05ce-04c9-4af4-be6f-cea5890ff8c8",
    "data": [
      {
        "text": "bored",
        "userDefined": false
      }
    ],
    "isTemplate": false,
    "count": 0,
    "lang": "en",
    "updated": 0
  },
  {
    "id": "c8426573-beb3-4706-9742-33a3b8493722",
    "data": [
      {
        "text": "boring",
        "meta": "@sys.ignore",
        "userDefined": false
      }
    ],
    "isTemplate": false,
    "count": 0,
    "lang": "en",
    "updated": 0
  },
  {
    "id": "d63085ba-f324-4421-abef-5c72d4984fe4",
    "data": [
      {
        "text": "that was ",
        "userDefined": false
      },
      {
        "text": "boring",
        "meta": "@sys.ignore",
        "userDefined": false
      }
    ],
    "isTemplate": false,
    "count": 0,
    "lang": "en",
    "updated": 0
  },
  {
    "id": "4a0fade2-0747-40d9-9a38-28c14a1936c5",
    "data": [
      {
        "text": "very ",
        "userDefined": false
      },
      {
        "text": "boring",
        "meta": "@sys.ignore",
        "userDefined": false
      }
    ],
    "isTemplate": false,
    "count": 0,
    "lang": "en",
    "updated": 0
  },
  {
    "id": "2b41d113-9fdf-45ca-998a-a3bedde4cfc4",
    "data": [
      {
        "text": "it bores me",
        "userDefined": false
      }
    ],
    "isTemplate": false,
    "count": 0,
    "lang": "en",
    "updated": 0
  },
  {
    "id": "ca66798e-d807-4d2b-a104-6b84c90eef06",
    "data": [
      {
        "text": "I am getting bored",
        "userDefined": false
      }
    ],
    "isTemplate": false,
    "count": 0,
    "lang": "en",
    "updated": 0
  },
  {
    "id": "03a1de4c-9bf2-4434-ad71-575de8154032",
    "data": [
      {
        "text": "this is ",
        "userDefined": false
      },
      {
        "text": "boring",
        "meta": "@sys.ignore",
        "userDefined": false
      }
    ],
    "isTemplate": false,
    "count": 0,
    "lang": "en",
    "updated": 0
  },
  {
    "id": "17ddec3d-7e79-40bb-905d-c5ae4f0d0a5c",
    "data": [
      {
        "text": "I\u0027m bored",
        "userDefined": false
      }
    ],
    "isTemplate": false,
    "count": 0,
    "lang": "en",
    "updated": 0
  }
]