[
  {
    "id": "b92dc59b-3356-4bfb-a79a-a0046ec185ab",
    "data": [
      {
        "text": "great",
        "meta": "@sys.ignore",
        "userDefined": false
      },
      {
        "text": " ",
        "userDefined": false
      },
      {
        "text": "work",
        "meta": "@sys.ignore",
        "userDefined": false
      }
    ],
    "isTemplate": false,
    "count": 0,
    "lang": "en",
    "updated": 0
  },
  {
    "id": "6338db8e-2ae8-40dc-b520-9733fbe9f1db",
    "data": [
      {
        "text": "bravo",
        "userDefined": false
      }
    ],
    "isTemplate": false,
    "count": 0,
    "lang": "en",
    "updated": 0
  },
  {
    "id": "212cefa0-9939-43ce-a448-1925b19a9590",
    "data": [
      {
        "text": "way to go",
        "userDefined": false
      }
    ],
    "isTemplate": false,
    "count": 0,
    "lang": "en",
    "updated": 0
  },
  {
    "id": "8b54e850-d361-4465-ab03-c10b5124ac8b",
    "data": [
      {
        "text": "great job",
        "userDefined": false
      }
    ],
    "isTemplate": false,
    "count": 0,
    "lang": "en",
    "updated": 0
  },
  {
    "id": "8b8b866f-5a65-4961-b1ed-92377d212b0c",
    "data": [
      {
        "text": "good",
        "meta": "@sys.ignore",
        "userDefined": false
      },
      {
        "text": " ",
        "userDefined": false
      },
      {
        "text": "work",
        "meta": "@sys.ignore",
        "userDefined": false
      }
    ],
    "isTemplate": false,
    "count": 0,
    "lang": "en",
    "updated": 0
  },
  {
    "id": "74aef897-68c7-4b26-afa4-1715b7dd65a7",
    "data": [
      {
        "text": "amazing ",
        "userDefined": false
      },
      {
        "text": "work",
        "meta": "@sys.ignore",
        "userDefined": false
      }
    ],
    "isTemplate": false,
    "count": 0,
    "lang": "en",
    "updated": 0
  },
  {
    "id": "de705ded-b53a-40d9-8766-4d86713ef29f",
    "data": [
      {
        "text": "well",
        "meta": "@sys.ignore",
        "userDefined": false
      },
      {
        "text": " done",
        "userDefined": false
      }
    ],
    "isTemplate": false,
    "count": 0,
    "lang": "en",
    "updated": 0
  },
  {
    "id": "17f9e06b-891c-4d93-b642-5d937ad1aee6",
    "data": [
      {
        "text": "good job",
        "userDefined": false
      }
    ],
    "isTemplate": false,
    "count": 0,
    "lang": "en",
    "updated": 0
  },
  {
    "id": "2d5b71ab-9d9e-4533-bb6e-3fb5f471d36d",
    "data": [
      {
        "text": "nice",
        "meta": "@sys.ignore",
        "userDefined": false
      },
      {
        "text": " ",
        "userDefined": false
      },
      {
        "text": "work",
        "meta": "@sys.ignore",
        "userDefined": false
      }
    ],
    "isTemplate": false,
    "count": 0,
    "lang": "en",
    "updated": 0
  }
]