[
  {
    "id": "4d576e9c-c19f-439c-8a77-bcc73aa9e242",
    "data": [
      {
        "text": "that was wrong",
        "userDefined": false
      }
    ],
    "isTemplate": false,
    "count": 2,
    "lang": "en",
    "updated": 0
  },
  {
    "id": "3ba19cc0-4a89-4af1-8948-9b297464f9de",
    "data": [
      {
        "text": "wrong",
        "userDefined": false
      }
    ],
    "isTemplate": false,
    "count": 0,
    "lang": "en",
    "updated": 0
  },
  {
    "id": "5dd27393-3838-407f-a31c-3a5dd31df41a",
    "data": [
      {
        "text": "that is incorrect",
        "userDefined": false
      }
    ],
    "isTemplate": false,
    "count": 0,
    "lang": "en",
    "updated": 0
  },
  {
    "id": "d21d1a7a-9c40-4812-ae44-9262c2b8f059",
    "data": [
      {
        "text": "that\u0027s wrong",
        "userDefined": false
      }
    ],
    "isTemplate": false,
    "count": 0,
    "lang": "en",
    "updated": 0
  },
  {
    "id": "8f2429d1-470b-403c-a09e-93208533a0b1",
    "data": [
      {
        "text": "it",
        "meta": "@sys.ignore",
        "userDefined": false
      },
      {
        "text": " is not right",
        "userDefined": false
      }
    ],
    "isTemplate": false,
    "count": 0,
    "lang": "en",
    "updated": 0
  },
  {
    "id": "87a1213d-91d6-42db-870b-8fcef7fbdab0",
    "data": [
      {
        "text": "not right",
        "userDefined": false
      }
    ],
    "isTemplate": false,
    "count": 1,
    "lang": "en",
    "updated": 0
  },
  {
    "id": "12868a3b-453f-4459-a4e9-5df07c9ce42d",
    "data": [
      {
        "text": "not correct",
        "userDefined": false
      }
    ],
    "isTemplate": false,
    "count": 0,
    "lang": "en",
    "updated": 0
  },
  {
    "id": "b11157f8-3753-4cd7-bf02-a32e0565b480",
    "data": [
      {
        "text": "it",
        "meta": "@sys.ignore",
        "userDefined": false
      },
      {
        "text": "\u0027s wrong",
        "userDefined": false
      }
    ],
    "isTemplate": false,
    "count": 0,
    "lang": "en",
    "updated": 0
  },
  {
    "id": "04615ef2-483b-4666-bf4a-34b771972f6d",
    "data": [
      {
        "text": "that\u0027s not what I asked",
        "userDefined": false
      }
    ],
    "isTemplate": false,
    "count": 0,
    "lang": "en",
    "updated": 0
  },
  {
    "id": "44ddcf2f-7131-4a97-93a1-a1581ebb64fb",
    "data": [
      {
        "text": "incorrect",
        "userDefined": false
      }
    ],
    "isTemplate": false,
    "count": 0,
    "lang": "en",
    "updated": 0
  },
  {
    "id": "3d648ade-4c74-45de-b456-0335f6561897",
    "data": [
      {
        "text": "you are wrong",
        "userDefined": false
      }
    ],
    "isTemplate": false,
    "count": 0,
    "lang": "en",
    "updated": 0
  },
  {
    "id": "131e4913-bc67-4ce0-a9bb-e350158cd5bf",
    "data": [
      {
        "text": "that\u0027s not right",
        "userDefined": false
      }
    ],
    "isTemplate": false,
    "count": 0,
    "lang": "en",
    "updated": 0
  }
]