[
  {
    "id": "3c46aa19-4a74-4205-91c8-839b88b66c23",
    "data": [
      {
        "text": "I\u0027",
        "userDefined": false
      },
      {
        "text": "m",
        "meta": "@sys.ignore",
        "userDefined": false
      },
      {
        "text": " enraged",
        "userDefined": false
      }
    ],
    "isTemplate": false,
    "count": 0,
    "lang": "en",
    "updated": 0
  },
  {
    "id": "e4906b6a-bf52-4886-9e67-a0848b066ed6",
    "data": [
      {
        "text": "I am mad",
        "userDefined": false
      }
    ],
    "isTemplate": false,
    "count": 0,
    "lang": "en",
    "updated": 0
  },
  {
    "id": "31a7e3a7-d749-426d-9e48-2488eca1f6f4",
    "data": [
      {
        "text": "I\u0027m angry",
        "userDefined": false
      }
    ],
    "isTemplate": false,
    "count": 0,
    "lang": "en",
    "updated": 0
  },
  {
    "id": "79fc71eb-a99e-49c9-8a3e-c565c768a34c",
    "data": [
      {
        "text": "I\u0027m furious",
        "userDefined": false
      }
    ],
    "isTemplate": false,
    "count": 0,
    "lang": "en",
    "updated": 0
  },
  {
    "id": "0377ce4e-0a19-4872-9bb7-b44ff1c90268",
    "data": [
      {
        "text": "I am angry with you",
        "userDefined": false
      }
    ],
    "isTemplate": false,
    "count": 0,
    "lang": "en",
    "updated": 0
  },
  {
    "id": "69605c01-4f32-40af-b6f5-24c097af88c4",
    "data": [
      {
        "text": "I am mad at you",
        "userDefined": false
      }
    ],
    "isTemplate": false,
    "count": 0,
    "lang": "en",
    "updated": 0
  },
  {
    "id": "f477ba5f-e3ba-4fd9-8f12-2b3e33853009",
    "data": [
      {
        "text": "I\u0027m being mad",
        "userDefined": false
      }
    ],
    "isTemplate": false,
    "count": 0,
    "lang": "en",
    "updated": 0
  }
]